date,GI_eng,HENRY_eng,LM_eng,nrc,sentinet,sentiword,socal
1993-01-01,-0.007789,0.005354,-0.031619,-0.00571,0.032785,-0.009849,0.120022
1994-01-01,0.014316,0.013966,-0.011262,0.027466,0.049671,0.001719,0.118339
1994-02-01,0.011453,0.013651,-0.013539,0.024224,0.048716,0.00081,0.115571
1994-03-01,0.011672,0.012682,-0.012882,0.025139,0.048069,0.001032,0.112628
1994-04-01,0.00918,0.012875,-0.012435,0.024653,0.045725,6.3e-05,0.11847
1994-05-01,0.011639,0.013777,-0.011785,0.025258,0.045822,0.001084,0.119385
1994-06-01,0.008743,0.011277,-0.013736,0.022483,0.044379,0.000845,0.117272
1994-07-01,0.011344,0.014343,-0.011946,0.026698,0.048076,0.001069,0.121932
1994-08-01,0.011066,0.013858,-0.012063,0.024327,0.048407,0.000801,0.121612
1994-09-01,0.01165,0.014592,-0.011052,0.027002,0.048642,0.001247,0.121646
1994-10-01,0.01139,0.014989,-0.010112,0.024662,0.049326,0.001144,0.120515
1994-11-01,0.011947,0.014079,-0.010229,0.025244,0.04952,0.001389,0.121917
1994-12-01,0.012468,0.014295,-0.010595,0.025917,0.04892,0.0011,0.121484
1995-01-01,0.009963,0.014427,-0.012611,0.023341,0.048419,0.00106,0.118067
1995-02-01,0.010232,0.013045,-0.014373,0.022206,0.048039,0.001109,0.114766
1995-03-01,0.010092,0.010786,-0.014439,0.021121,0.045949,3.9e-05,0.115754
1995-04-01,0.008698,0.011297,-0.01368,0.023862,0.045991,0.000306,0.117746
1995-05-01,0.01049,0.010884,-0.013785,0.02148,0.045561,0.00019,0.119516
1995-06-01,0.009489,0.008811,-0.015218,0.022424,0.043695,0.000156,0.114442
1995-07-01,0.01091,0.011287,-0.013335,0.022991,0.04752,0.00069,0.118276
1995-08-01,0.011763,0.011604,-0.011091,0.024702,0.048017,0.000593,0.122707
1995-09-01,0.011399,0.011872,-0.01254,0.026007,0.04738,0.000618,0.120596
1995-10-01,0.012893,0.010741,-0.012459,0.025914,0.049528,0.000957,0.123444
1995-11-01,0.012066,0.011315,-0.013602,0.023936,0.046672,0.000248,0.116274
1995-12-01,0.01017,0.010039,-0.015585,0.022601,0.046971,0.000666,0.115203
1996-01-01,0.012396,0.010549,-0.014974,0.022424,0.047414,0.000442,0.120925
1996-02-01,0.012317,0.010261,-0.013872,0.025463,0.047933,0.000721,0.114842
1996-03-01,0.011878,0.010615,-0.012802,0.021701,0.045405,0.000718,0.112824
1996-04-01,0.013626,0.012605,-0.0127,0.024689,0.045192,0.001131,0.118014
1996-05-01,0.01188,0.01505,-0.012423,0.02342,0.046684,0.001342,0.117541
1996-06-01,0.011162,0.012194,-0.013295,0.025636,0.047601,0.000669,0.119958
1996-07-01,0.010878,0.013178,-0.011873,0.02501,0.047348,0.000271,0.122228
1996-08-01,0.012244,0.012741,-0.01443,0.023509,0.045978,0.00132,0.118155
1996-09-01,0.010425,0.013441,-0.011526,0.026941,0.04893,0.001533,0.122024
1996-10-01,0.013371,0.013822,-0.012899,0.024706,0.048335,0.001324,0.12243
1996-11-01,0.014562,0.012315,-0.012522,0.025899,0.047977,0.001579,0.116637
1996-12-01,0.013691,0.013428,-0.012218,0.026,0.047711,0.001535,0.118885
1997-01-01,0.012341,0.015044,-0.011463,0.024555,0.050257,0.00161,0.120753
1997-02-01,0.013646,0.014069,-0.012415,0.028409,0.048871,0.001508,0.118082
1997-03-01,0.012772,0.015258,-0.011698,0.027445,0.047303,0.001815,0.118655
1997-04-01,0.01233,0.014792,-0.012324,0.027012,0.047125,0.001237,0.114816
1997-05-01,0.012753,0.012459,-0.012296,0.026133,0.046242,0.001233,0.117406
1997-06-01,0.01529,0.013076,-0.011241,0.027657,0.047851,0.001778,0.117402
1997-07-01,0.013738,0.014252,-0.010798,0.026177,0.048916,0.001499,0.11755
1997-08-01,0.012868,0.014462,-0.01145,0.026512,0.048044,0.000917,0.121235
1997-09-01,0.011771,0.013791,-0.012582,0.026763,0.04685,0.001662,0.122305
1997-10-01,0.012406,0.012518,-0.012492,0.025486,0.048308,0.000559,0.121366
1997-11-01,0.010466,0.011323,-0.014219,0.023205,0.047026,0.00039,0.120873
1997-12-01,0.010356,0.010206,-0.014596,0.022353,0.047596,0.000525,0.120035
1998-01-01,0.00937,0.010633,-0.015702,0.020886,0.048161,-0.000256,0.118822
1998-02-01,0.010533,0.012712,-0.015162,0.023459,0.049829,0.000255,0.120145
1998-03-01,0.010922,0.011833,-0.014066,0.023778,0.047586,0.000515,0.118773
1998-04-01,0.013572,0.011359,-0.013367,0.02403,0.047203,0.000483,0.119002
1998-05-01,0.009801,0.01215,-0.013993,0.023881,0.045644,0.000168,0.117681
1998-06-01,0.011994,0.011612,-0.014153,0.023727,0.044121,0.000355,0.115461
1998-07-01,0.010949,0.01075,-0.015381,0.020931,0.045095,0.000421,0.114998
1998-08-01,0.009798,0.008464,-0.0166,0.018042,0.045314,-0.000804,0.117799
1998-09-01,0.008371,0.006317,-0.017414,0.018038,0.042654,-0.000794,0.118548
1998-10-01,0.010343,0.008264,-0.017454,0.02009,0.046012,7.9e-05,0.12202
1998-11-01,0.01198,0.01107,-0.015104,0.023664,0.047089,0.000434,0.119665
1998-12-01,0.011648,0.010063,-0.014328,0.02208,0.045871,-0.00017,0.117842
1999-01-01,0.012685,0.010771,-0.014835,0.022494,0.048901,0.000101,0.116713
1999-02-01,0.012838,0.01277,-0.012926,0.023157,0.049544,0.000606,0.117406
1999-03-01,0.012176,0.012779,-0.012685,0.024148,0.049357,6e-06,0.121131
1999-04-01,0.014734,0.014161,-0.012311,0.024354,0.049489,0.000968,0.119086
1999-05-01,0.01297,0.014508,-0.011806,0.02709,0.049116,0.001287,0.115869
1999-06-01,0.012679,0.013312,-0.012245,0.027183,0.046528,0.00095,0.119426
1999-07-01,0.013357,0.013887,-0.011788,0.024773,0.049067,0.001091,0.11676
1999-08-01,0.011236,0.015381,-0.012398,0.025448,0.048116,0.001673,0.117033
1999-09-01,0.011221,0.014335,-0.013203,0.027989,0.046523,0.001502,0.120597
1999-10-01,0.014496,0.014913,-0.010981,0.028376,0.050541,0.001063,0.119006
1999-11-01,0.016832,0.014477,-0.010701,0.031025,0.049591,0.002194,0.115692
1999-12-01,0.013847,0.015373,-0.01142,0.028902,0.049439,0.002015,0.116314
2000-01-01,0.013438,0.015132,-0.011016,0.026566,0.049783,0.001928,0.117653
2000-02-01,0.012956,0.016454,-0.01084,0.028022,0.050032,0.000829,0.11242
2000-03-01,0.014735,0.015558,-0.009946,0.028662,0.050308,0.001464,0.110309
2000-04-01,0.014946,0.01424,-0.011227,0.028159,0.048957,0.001821,0.1092
2000-05-01,0.014607,0.014935,-0.010192,0.030736,0.048935,0.001784,0.113846
2000-06-01,0.01211,0.014216,-0.012757,0.025762,0.047404,0.000693,0.11285
2000-07-01,0.014297,0.013628,-0.011353,0.026755,0.049016,0.001042,0.112297
2000-08-01,0.014071,0.014174,-0.01032,0.027385,0.049507,0.000608,0.116659
2000-09-01,0.012199,0.013411,-0.012956,0.025706,0.046419,0.000276,0.112482
2000-10-01,0.014597,0.013185,-0.012232,0.025455,0.049407,0.000679,0.115391
2000-11-01,0.014367,0.011063,-0.014247,0.025659,0.048782,0.000319,0.115258
2000-12-01,0.011177,0.00969,-0.017003,0.025621,0.044612,-0.000912,0.110478
2001-01-01,0.010234,0.011002,-0.018082,0.024274,0.046037,2e-05,0.114121
2001-02-01,0.011286,0.012078,-0.017732,0.024594,0.045814,0.000114,0.111464
2001-03-01,0.009562,0.008956,-0.019391,0.021768,0.04436,-0.000844,0.111067
2001-04-01,0.012643,0.010102,-0.018345,0.024608,0.043294,-0.000799,0.114183
2001-05-01,0.011169,0.012165,-0.015302,0.026584,0.046416,5.5e-05,0.112367
2001-06-01,0.010278,0.008192,-0.017148,0.02441,0.045875,3.8e-05,0.112509
2001-07-01,0.012194,0.009417,-0.016339,0.024474,0.046832,-0.000164,0.111894
2001-08-01,0.009767,0.006989,-0.016823,0.021715,0.046509,-0.000682,0.112116
2001-09-01,0.008832,0.004923,-0.019803,0.018572,0.043467,-0.001347,0.116529
2001-10-01,0.008587,0.005455,-0.017935,0.016647,0.043933,-0.00143,0.114205
2001-11-01,0.009083,0.00613,-0.017422,0.018873,0.044724,-0.00092,0.108044
2001-12-01,0.010825,0.007719,-0.017026,0.020075,0.045078,-0.000748,0.110115
2002-01-01,0.011369,0.008813,-0.0155,0.02287,0.048455,-0.000314,0.112286
2002-02-01,0.012117,0.01002,-0.015216,0.024989,0.048124,6.3e-05,0.114338
2002-03-01,0.012172,0.012797,-0.014224,0.023494,0.048387,-5.5e-05,0.118345
2002-04-01,0.010679,0.011073,-0.016476,0.022677,0.046227,-7.4e-05,0.109936
2002-05-01,0.010703,0.011286,-0.0147,0.023097,0.04733,0.000159,0.111407
2002-06-01,0.012949,0.009525,-0.013744,0.024052,0.047217,0.000953,0.114531
2002-07-01,0.012205,0.008456,-0.016271,0.022427,0.046587,-0.000404,0.110243
2002-08-01,0.010578,0.010415,-0.015407,0.02362,0.046913,-0.00115,0.114069
2002-09-01,0.010302,0.008781,-0.015786,0.022968,0.046098,-0.001157,0.115457
2002-10-01,0.011751,0.008928,-0.017356,0.023177,0.046962,-0.00046,0.109863
2002-11-01,0.009197,0.010353,-0.015336,0.023534,0.047575,-0.000532,0.11158
2002-12-01,0.008133,0.011367,-0.016923,0.022507,0.046685,-0.000904,0.111102
2003-01-01,0.007692,0.011607,-0.016193,0.021353,0.049322,-0.001225,0.11058
2003-02-01,0.008675,0.011409,-0.015033,0.019905,0.049802,-0.001063,0.109522
2003-03-01,0.006118,0.009384,-0.01752,0.017597,0.044735,-0.001367,0.107596
2003-04-01,0.010143,0.009101,-0.015382,0.019585,0.047276,-0.00152,0.106421
2003-05-01,0.006442,0.008767,-0.015902,0.01795,0.045283,-0.001751,0.108656
2003-06-01,0.010253,0.009683,-0.014028,0.023602,0.046244,7.5e-05,0.111428
2003-07-01,0.012706,0.012384,-0.014127,0.024365,0.046734,0.00011,0.105838
2003-08-01,0.012542,0.015211,-0.011902,0.026127,0.048921,0.000343,0.11237
2003-09-01,0.010472,0.014007,-0.014211,0.026422,0.046593,-5.5e-05,0.115792
2003-10-01,0.014465,0.014319,-0.012357,0.027779,0.047797,0.000144,0.114501
2003-11-01,0.014028,0.014696,-0.012454,0.028589,0.047035,7.6e-05,0.11269
2003-12-01,0.012857,0.013914,-0.01167,0.027418,0.049206,0.000763,0.111089
2004-01-01,0.012661,0.014455,-0.012441,0.026944,0.048684,0.000218,0.116142
2004-02-01,0.012598,0.014296,-0.013211,0.026414,0.048125,-0.000582,0.111021
2004-03-01,0.01177,0.014759,-0.012614,0.025867,0.047148,0.000167,0.112795
2004-04-01,0.013225,0.016815,-0.010235,0.030025,0.049391,0.001435,0.115863
2004-05-01,0.012366,0.018707,-0.009722,0.030984,0.049699,0.000636,0.115467
2004-06-01,0.011916,0.0166,-0.010089,0.028179,0.049731,0.001288,0.112738
2004-07-01,0.01507,0.016806,-0.010937,0.027515,0.049551,0.000872,0.113297
2004-08-01,0.010556,0.01481,-0.01333,0.025195,0.046459,-0.000323,0.111181
2004-09-01,0.012606,0.013718,-0.013915,0.026964,0.047977,-6.9e-05,0.115004
2004-10-01,0.014287,0.014371,-0.012594,0.025567,0.048168,0.001124,0.113387
2004-11-01,0.013814,0.014749,-0.011658,0.028062,0.049269,0.000674,0.111735
2004-12-01,0.015769,0.015606,-0.010634,0.027886,0.048234,0.001622,0.112719
2005-01-01,0.016185,0.016005,-0.01057,0.028184,0.051636,0.00071,0.118804
2005-02-01,0.014922,0.015902,-0.010619,0.027105,0.05346,0.001704,0.115538
2005-03-01,0.013299,0.016579,-0.011161,0.025839,0.049983,0.000732,0.115323
2005-04-01,0.012831,0.017405,-0.011852,0.027725,0.049154,-6.5e-05,0.114361
2005-05-01,0.015632,0.016507,-0.011061,0.029294,0.049829,0.001493,0.115657
2005-06-01,0.013086,0.015003,-0.012575,0.026712,0.047929,0.001071,0.113152
2005-07-01,0.016897,0.016232,-0.009848,0.02832,0.050508,0.001985,0.114533
2005-08-01,0.014643,0.01635,-0.010963,0.02811,0.050326,0.000869,0.112926
2005-09-01,0.012565,0.013985,-0.013716,0.025109,0.046623,0.000632,0.112966
2005-10-01,0.016774,0.013911,-0.01148,0.029355,0.049908,0.002414,0.113661
2005-11-01,0.01729,0.014769,-0.011282,0.028404,0.050458,0.002319,0.10819
2005-12-01,0.016887,0.015122,-0.011124,0.028134,0.04877,0.001802,0.111294
2006-01-01,0.01729,0.015668,-0.010538,0.029347,0.052243,0.002084,0.11514
2006-02-01,0.015306,0.016851,-0.010548,0.028427,0.051876,0.002367,0.115557
2006-03-01,0.015472,0.01654,-0.011325,0.028521,0.05107,0.00177,0.114268
2006-04-01,0.015133,0.017584,-0.010492,0.031073,0.050674,0.001871,0.111494
2006-05-01,0.01398,0.015921,-0.011147,0.026924,0.050247,0.002097,0.111015
2006-06-01,0.013302,0.015065,-0.012518,0.028122,0.048621,0.002049,0.11579
2006-07-01,0.014757,0.016443,-0.011269,0.02789,0.051187,0.00181,0.114549
2006-08-01,0.012391,0.013789,-0.013163,0.02426,0.049051,0.000346,0.112704
2006-09-01,0.013348,0.012115,-0.012583,0.026892,0.049335,0.001673,0.115375
2006-10-01,0.014918,0.012774,-0.012051,0.027468,0.050395,0.001829,0.116952
2006-11-01,0.015217,0.013781,-0.010709,0.028602,0.050166,0.001428,0.11599
2006-12-01,0.015547,0.013309,-0.011979,0.027686,0.050145,0.002008,0.116159
2007-01-01,0.015818,0.013975,-0.009563,0.029276,0.05279,0.000762,0.114972
2007-02-01,0.015696,0.014512,-0.010254,0.027852,0.050765,0.00159,0.115218
2007-03-01,0.014556,0.011726,-0.014197,0.026196,0.04962,0.001235,0.114806
2007-04-01,0.015341,0.013871,-0.011676,0.029318,0.049353,0.001568,0.115454
2007-05-01,0.014894,0.015382,-0.012673,0.028326,0.048849,0.001915,0.110443
2007-06-01,0.015627,0.012828,-0.01207,0.027297,0.049972,0.00229,0.112755
2007-07-01,0.016375,0.013848,-0.010932,0.027828,0.049575,0.002356,0.111267
2007-08-01,0.015587,0.012383,-0.014207,0.025684,0.048682,0.001909,0.11249
2007-09-01,0.014363,0.011895,-0.015201,0.028941,0.047298,0.002212,0.116096
2007-10-01,0.01495,0.012195,-0.014824,0.02627,0.048639,0.001133,0.117446
2007-11-01,0.012876,0.012002,-0.015284,0.025072,0.047379,0.001227,0.112
2007-12-01,0.013831,0.01177,-0.015766,0.025758,0.047515,0.001023,0.109603
2008-01-01,0.010666,0.010583,-0.017768,0.022958,0.048949,-0.000104,0.112522
2008-02-01,0.012808,0.012092,-0.015976,0.023059,0.048782,0.000556,0.111037
2008-03-01,0.012052,0.010879,-0.016003,0.023645,0.048895,0.000455,0.112614
2008-04-01,0.012798,0.011912,-0.016081,0.025106,0.048352,0.000898,0.110023
2008-05-01,0.014215,0.012806,-0.01426,0.025541,0.049983,0.001308,0.110598
2008-06-01,0.010258,0.012618,-0.014625,0.022805,0.0466,0.000931,0.106054
2008-07-01,0.013962,0.010873,-0.015023,0.025114,0.049044,0.001054,0.10898
2008-08-01,0.012757,0.012243,-0.014269,0.023571,0.048669,0.000786,0.108014
2008-09-01,0.011532,0.008994,-0.017497,0.021723,0.046441,6.8e-05,0.113833
2008-10-01,0.011518,0.00567,-0.019868,0.019694,0.045521,3.9e-05,0.116282
2008-11-01,0.013147,0.005814,-0.018108,0.022625,0.047862,0.00128,0.116523
2008-12-01,0.01097,0.005173,-0.018716,0.020122,0.045672,0.000828,0.112012
2009-01-01,0.012171,0.005031,-0.018846,0.021057,0.051634,0.001167,0.111883
2009-02-01,0.015133,0.005723,-0.017715,0.020817,0.051109,0.000904,0.109019
2009-03-01,0.014162,0.008163,-0.016387,0.023043,0.04833,0.001183,0.116187
2009-04-01,0.015229,0.007807,-0.015523,0.023461,0.047392,0.001927,0.114834
2009-05-01,0.013314,0.007376,-0.015653,0.022316,0.049056,0.001352,0.114653
2009-06-01,0.013424,0.010422,-0.015325,0.022975,0.047355,0.001981,0.111009
2009-07-01,0.015336,0.008801,-0.015746,0.023371,0.04807,0.001198,0.113199
2009-08-01,0.014263,0.010015,-0.01506,0.024053,0.049952,0.001896,0.11156
2009-09-01,0.014717,0.010692,-0.014649,0.026972,0.048775,0.001754,0.113046
2009-10-01,0.014926,0.009914,-0.014756,0.024256,0.048962,0.001867,0.115249
2009-11-01,0.016603,0.011456,-0.014824,0.02701,0.048311,0.00158,0.111851
2009-12-01,0.015682,0.010857,-0.01347,0.024779,0.049852,0.001425,0.114257
2010-01-01,0.014323,0.012322,-0.013234,0.024394,0.05107,0.001777,0.113045
2010-02-01,0.015434,0.01197,-0.014116,0.025026,0.05146,0.001929,0.115352
2010-03-01,0.015047,0.012491,-0.013564,0.026131,0.048604,0.001773,0.109428
2010-04-01,0.015172,0.01449,-0.013219,0.026983,0.048701,0.002613,0.113561
2010-05-01,0.013556,0.012946,-0.01392,0.023493,0.046644,0.001612,0.114487
2010-06-01,0.012622,0.01093,-0.015978,0.023563,0.04697,0.001041,0.114203
2010-07-01,0.01211,0.012097,-0.016104,0.02392,0.049174,0.00109,0.114111
2010-08-01,0.013284,0.012207,-0.015256,0.02361,0.049699,0.000611,0.113729
2010-09-01,0.013635,0.011879,-0.014756,0.025364,0.04859,0.001706,0.114393
2010-10-01,0.014979,0.012937,-0.014702,0.025423,0.050114,0.002042,0.112918
2010-11-01,0.015398,0.013508,-0.012823,0.026261,0.048874,0.002238,0.11587
2010-12-01,0.013654,0.014922,-0.012422,0.02539,0.049764,0.002398,0.110395
2011-01-01,0.015679,0.016954,-0.011273,0.02803,0.052922,0.002055,0.113714
2011-02-01,0.013409,0.015833,-0.012176,0.026405,0.053048,0.002535,0.112406
2011-03-01,0.012423,0.015057,-0.01445,0.025617,0.050284,0.001418,0.109851
2011-04-01,0.01427,0.015129,-0.013533,0.027723,0.050183,0.001664,0.116173
2011-05-01,0.012336,0.013933,-0.014058,0.023241,0.049571,0.00133,0.112439
2011-06-01,0.011453,0.011177,-0.016524,0.024438,0.04703,0.000834,0.113388
2011-07-01,0.012381,0.012132,-0.016436,0.019762,0.046896,0.000324,0.110844
2011-08-01,0.012052,0.01091,-0.017543,0.020201,0.046462,0.000494,0.115832
2011-09-01,0.011943,0.010636,-0.015303,0.023846,0.048628,0.000953,0.118307
2011-10-01,0.013659,0.01219,-0.015536,0.022927,0.047669,0.001258,0.114217
2011-11-01,0.013992,0.011801,-0.015703,0.022206,0.047702,0.00077,0.11507
2011-12-01,0.012223,0.011993,-0.014506,0.023712,0.04715,0.001422,0.118287
2012-01-01,0.014462,0.014377,-0.012014,0.025131,0.051139,0.001547,0.122013
2012-02-01,0.014612,0.014068,-0.011899,0.026415,0.051801,0.002004,0.11555
2012-03-01,0.015444,0.015335,-0.010905,0.02848,0.05102,0.002488,0.1131
2012-04-01,0.014795,0.014997,-0.011961,0.028605,0.049289,0.001698,0.118702
2012-05-01,0.016568,0.011704,-0.012992,0.026539,0.048754,0.001682,0.11484
2012-06-01,0.013317,0.010809,-0.014594,0.024817,0.047991,0.000951,0.115355
2012-07-01,0.013647,0.011201,-0.015434,0.023507,0.048853,0.001094,0.116655
2012-08-01,0.014291,0.014188,-0.013195,0.026342,0.050521,0.001001,0.118587
2012-09-01,0.013634,0.012652,-0.013618,0.027681,0.050015,0.001789,0.11562
2012-10-01,0.014141,0.013644,-0.012768,0.028333,0.048388,0.001763,0.120125
2012-11-01,0.015227,0.013503,-0.01196,0.027656,0.047857,0.001147,0.115707
2012-12-01,0.013388,0.013301,-0.012627,0.02568,0.049006,0.001273,0.112472
2013-01-01,0.0158,0.015464,-0.010736,0.027574,0.052303,0.002445,0.119393
2013-02-01,0.014633,0.015503,-0.011979,0.026995,0.052279,0.001802,0.117433
2013-03-01,0.016019,0.015432,-0.010507,0.02824,0.051171,0.001929,0.11704
2013-04-01,0.015268,0.011995,-0.012354,0.029663,0.049211,0.001338,0.119671
2013-05-01,0.015374,0.014561,-0.011513,0.02756,0.049588,0.001203,0.118146
2013-06-01,0.017767,0.016683,-0.010116,0.029834,0.048521,0.002436,0.117476
2013-07-01,0.014993,0.016417,-0.011125,0.027495,0.048927,0.001536,0.118127
2013-08-01,0.016531,0.014876,-0.011376,0.028741,0.05187,0.001473,0.116845
2013-09-01,0.014749,0.014328,-0.011122,0.030276,0.049607,0.001382,0.121414
2013-10-01,0.016277,0.012879,-0.013438,0.02721,0.049604,0.001745,0.120226
2013-11-01,0.01757,0.014398,-0.010949,0.028876,0.052379,0.002628,0.122272
2013-12-01,0.017203,0.015559,-0.009259,0.029697,0.051347,0.003526,0.117233
2014-01-01,0.016442,0.016886,-0.010387,0.029441,0.052987,0.002509,0.116904
2014-02-01,0.016015,0.01375,-0.011726,0.026811,0.051668,0.002677,0.116571
2014-03-01,0.016003,0.01362,-0.011245,0.029252,0.050807,0.002412,0.117251
2014-04-01,0.016977,0.015581,-0.01038,0.031052,0.050833,0.002463,0.118427
2014-05-01,0.017613,0.014171,-0.009286,0.029184,0.052091,0.003155,0.117617
2014-06-01,0.015903,0.015526,-0.009666,0.029152,0.049131,0.002248,0.118356
2014-07-01,0.015536,0.013703,-0.010913,0.028564,0.051344,0.002271,0.119588
2014-08-01,0.01621,0.015328,-0.009842,0.030536,0.051007,0.002433,0.116346
2014-09-01,0.016106,0.014242,-0.009874,0.031111,0.050766,0.002664,0.117974
2014-10-01,0.01473,0.012407,-0.011275,0.02745,0.049627,0.002558,0.118082
2014-11-01,0.015522,0.014134,-0.009747,0.028965,0.051449,0.002829,0.111454
2014-12-01,0.013815,0.012628,-0.009392,0.02809,0.050768,0.002342,0.114492
2015-01-01,0.012689,0.013782,-0.009697,0.026088,0.052983,0.001872,0.118176
2015-02-01,0.01655,0.014625,-0.008914,0.028681,0.053763,0.002533,0.115667
2015-03-01,0.013949,0.013265,-0.01015,0.028666,0.050446,0.001886,0.117206
2015-04-01,0.016649,0.013653,-0.0099,0.032076,0.05191,0.00233,0.116356
2015-05-01,0.015855,0.013138,-0.010159,0.029493,0.051156,0.002507,0.118417
2015-06-01,0.01682,0.014517,-0.008914,0.029868,0.049717,0.002182,0.115903
2015-07-01,0.015218,0.015001,-0.010512,0.028102,0.049282,0.00221,0.115473
2015-08-01,0.013106,0.012674,-0.011458,0.02549,0.049366,0.001588,0.115563
2015-09-01,0.013131,0.012137,-0.011673,0.030316,0.049916,0.001693,0.122195
2015-10-01,0.015484,0.01298,-0.011352,0.030182,0.04964,0.00244,0.120026
2015-11-01,0.016304,0.012687,-0.009745,0.030192,0.05122,0.002173,0.119491
2015-12-01,0.013779,0.012203,-0.011037,0.028245,0.050909,0.00229,0.11257
2016-01-01,0.012886,0.011508,-0.012231,0.025249,0.050591,0.001349,0.117071
2016-02-01,0.012439,0.010487,-0.013511,0.023775,0.049999,0.000895,0.116569
2016-03-01,0.015351,0.013674,-0.011341,0.02768,0.051766,0.001573,0.113039
2016-04-01,0.014495,0.01185,-0.011073,0.028525,0.050394,0.0011,0.114518
2016-05-01,0.016839,0.013287,-0.009627,0.028586,0.052718,0.002368,0.113897
2016-06-01,0.013664,0.012266,-0.011608,0.025396,0.046744,0.001857,0.112519
2016-07-01,0.016603,0.014229,-0.009425,0.027625,0.050267,0.002257,0.117953
2016-08-01,0.015388,0.013453,-0.010503,0.026614,0.051883,0.001577,0.11345
2016-09-01,0.013938,0.014261,-0.010955,0.031271,0.051473,0.001133,0.118463
2016-10-01,0.017287,0.014905,-0.010118,0.032117,0.051681,0.002261,0.11917
2016-11-01,0.01677,0.014929,-0.0083,0.028754,0.054182,0.002616,0.113953
2016-12-01,0.017824,0.016092,-0.007451,0.030497,0.052627,0.003377,0.112907
2017-01-01,0.016349,0.015848,-0.009744,0.029732,0.052562,0.002555,0.113042
2017-02-01,0.016836,0.015816,-0.007848,0.028384,0.05422,0.003542,0.113432
2017-03-01,0.015601,0.015093,-0.009483,0.029186,0.054201,0.003174,0.117188
2017-04-01,0.01626,0.014446,-0.009351,0.028918,0.054141,0.00353,0.110162
2017-05-01,0.016224,0.014252,-0.009139,0.029606,0.053336,0.002634,0.11128
2017-06-01,0.016558,0.012827,-0.010712,0.029733,0.051384,0.003121,0.112056
2017-07-01,0.016153,0.01429,-0.009595,0.029797,0.053209,0.002721,0.118145
2017-08-01,0.015811,0.014843,-0.010672,0.028801,0.051914,0.00249,0.111759
2017-09-01,0.015332,0.015104,-0.009866,0.034032,0.050495,0.001884,0.117104
2017-10-01,0.015497,0.014834,-0.009885,0.029399,0.052939,0.002704,0.120285
2017-11-01,0.015301,0.015,-0.008729,0.026759,0.049847,0.003325,0.111573
2017-12-01,0.014344,0.015916,-0.008684,0.025958,0.05197,0.003073,0.115452
